Stelling;Verkorte omschrijving;Antwoord CD&V;Motivatie CD&V;Antwoord Groen;Motivatie Groen;Antwoord N-VA;Motivatie N-VA;Antwoord Open VLD;Motivatie Open VLD;Antwoord Sp.a;Motivatie Sp.a;Antwoord Vlaams Belang;Motivatie Vlaams Belang;Antwoord PvdA;Motivatie PvdA
De erfenisbelastingen moeten verder dalen;Erfenisbelasting;0;De erfenisrechten zijn deze legislatuur al fors verlaagd. Deze inkomsten zijn een belangrijk onderdeel van de Vlaamse begroting, waarmee we bijvoorbeeld onderwijs en welzijn financieren.;1;Erfenisbelastingen raken vooral de middenklasse en onverwachte overlijdens. De grote vermogens gebruiken massaal (perfect legale) ontwijkingsmogelijkheden. De invoering van een vermogensrendementsheffing maakt de erfbelasting overbodig.;1;De erfbelasting is nog steeds hoog en willen we verder verlagen;1;Erfenissen zijn het resultaat van jarenlang werken, sparen en ondernemen. We zetten daarom opnieuw in op een verdere verlaging van de successierechten, waarbij minstens een eerste schijf steeds is vrijgesteld van belasting.;1;We willen dat iedereen gedurende zijn of haar leven 250.000 euro belastingvrij kan erven of verwerven uit schenkingen. Dat is perfect betaalbaar als we de achterpoorten sluiten die grote vermogens vandaag gebruiken om geen erfbelasting te betalen.;1;Wij zijn principieel gekant tegen het heffen van successierechten en belastingen op nalatenschappen. Gedurende heel hun samenstellingsproces werden deze immers al aan alle mogelijke vormen van belasting onderworpen. ;1;We pleiten voor een sterkere progressiviteit bij erfenisbelastingen, zodat de sterkste schouders effectief de zwaarste lasten dragen. We zorgen er ook voor dat miljonairs de successierechten niet langer kunnen ontwijken.
Vlaanderen moet Catalonië steunen in zijn stappen naar onafhankelijkheid;Catalonië steunen;0;De institutionele afspraken tussen Spanje en zijn deelstaat Catalonië worden in Spanje gemaakt. Wij hebben ook niet graag dat andere landen zich mengen in onze communautaire uitdagingen.;0;De Catalaanse kwestie is een Spaanse aangelegenheid. Vlaanderen heeft daar geen rol te spelen. Vlaanderen wel kan aandringen op meer overleg en zich kan uitspreken tegen het gebruik van geweld langs twee kanten.;1;Elk volk heeft het recht zijn eigen toekomst te kiezen: we steunen dus onomwonden het zelfbeschikkingsrecht van de Catalanen en de vreedzame en democratische onafhankelijkheidsbeweging in Catalonië. We sporen de EU aan tot meer respect. ;0;We roepen op tot een politieke dialoog om het conflict te ontmijnen, maar we mengen ons niet in een onafhankelijksdiscussie binnen andere Europese lidstaten. We zouden dat omgekeerd ook niet op prijs stellen.;0;Vlaanderen moet geen buitenlandse conflicten importeren. We garanderen respect voor de politieke rechten, maar spreken ons over de zaak niet uit.;1;Onze partij steunt de Catalanen ten volle in hun streven naar een onafhankelijke en soevereine Catalaanse republiek en nodigt Vlaanderen uit het zelfbeschikkingsrecht van de Catalanen te respecteren en de Catalaanse republiek te erkennen.;0;We zijn solidair met de slachtoffers van de repressie. De Spaanse regering is de grootste verantwoordelijke voor de escalatie. Maar seperatisme steunen we niet. Daar wordt de Catalaanse elite beter van, maar niet de gewone bevolking.
Er moeten evenveel vrouwen als mannen in de Vlaamse regering zitten;Vrouwen en mannen in regering;0;De gelijke vertegenwoordiging van mannen en vrouwen in de politiek is een belangrijk streefdoel. Onze partij pleit daarom voor een verplichte vertegenwoordig van minstens 1/3de personen van het andere geslacht in de regering. ;1;Gelijke vertegenwoordiging van vrouwen en mannen zou een evidentie moeten zijn, maar is dat jammer genoeg nog niet. Laten we op regeringsniveau het goede voorbeeld geven en dat doortrekken naar alle colleges van burgemeesters en schepenen.;0;De meest bekwame persoon moet het mandaat krijgen. Geslacht, afkomst, beperking en dergelijke mogen daarbij geen enkele rol spelen.;1;Vrouwen maken ongeveer de helft van de bevolking uit. Het is dan ook logisch dat zij de helft van de ministermandaten kunnen bekleden. Dat zou een streefdoel moeten zijn voor alle partijen.;1;Er zijn evenveel mannen als vrouwen. Het is dan ook logisch dat elke regering, en bij uitbreiding alle uitvoerende besturen, voor de helft uit vrouwen zijn samengesteld. ;0;De Vlaamse regering moet niet gevormd worden op basis van een afweging tussen het aantal mannen en het aantal vrouwen, maar op basis van het engagement, de zin voor initiatief en de bekwaamheid van de kandidaat-ministers.;1;Wij zijn voorstander van de gelijkheid tussen mannen en vrouwen. Quota invoeren voor een 50/50 verhouding is efficiënt en doeltreffend. Enkel door het voorbeeld te geven tonen we dat gelijkheid de norm is.
Scholen moeten kinderen verplichten om ook op de speelplaats Nederlands te praten;Verplicht Nederlands op speelplaats;1;Scholen kunnen in het schoolreglement opnemen dat Nederlands tijdens de schooluren de voertaal is. Het is wel zo dat scholen geen sancties kunnen nemen die het leerrecht schaden (schorsing kan bijvoorbeeld niet).;0;Goede en snelle verwerving van het Nederlands staat voor ons voorop. Kinderen straffen omdat ze hun moedertaal spreken werkt contraproductief: zowel voor de verwerving van het Nederlands als voor de verdere schoolse prestaties.;1;Privé kan iemand een andere taal spreken, maar het streefdoel moet zijn om competente jongeren op te leiden, die de taal spreken waar de arbeidsmarkt om vraagt. We moeten één samenleving smeden en dan verbindt het Nederlands ons allemaal. ;0;De kennis van het Nederlands is essentieel. Het zorgt er voor dat je mee kan in Vlaanderen, daarom is het de onderwijstaal. Maar op de speelplaats moeten kinderen ook kunnen ontspannen en zichzelf zijn.;0;Nederlands is en blijft dé onderwijstaal. Met ambitieuze en bindende eindtermen zorgen we voor een goede kennis bij alle leerlingen. Het bestraffen van de thuistaal op de speelplaats werkt enkel contraproductief.;1;Onze partij drukt erop dat in onze scholen het Nederlands de voertaal moet zijn en de enige omgangstaal tussen de leerlingen onderling, in de klas en op de speelplaats. Dat geldt eveneens voor de leerkrachten en in contacten met de ouders.;0;We zorgen dat alle kinderen in de klas zo goed mogelijk Nederlands leren. Kinderen verbieden om hun moedertaal te spreken op de speelplaats is contraproductief. Kinderen die zich gerespecteerd voelen leren sneller Nederlands, weten we uit onderzoek.
De inkomensgrens voor huursubsidies moet omhoog, zodat meer mensen er recht op hebben;Meer mensen huursubsidies;1;Wie het moeilijk heeft, verdient extra steun.;1;Wie recht heeft op een sociale woning, maar er door het tekort geen kan huren, is toegewezen op de veel duurdere private huurmarkt. Onze partij voorziet voor deze groep een huurtoelage. Dat gaat om 240.000 gezinnen.;0;We voorzien huursubsidies voor zij die er het meest nood aan hebben. Wij hebben de inkomensgrens opgetrokken tot het niveau van het inkomen dat sociale huurders mogen hebben. Zo bereiken we het beoogde doelpubliek.;1;Wij willen huursubsidies geleidelijk uitbreiden. Uiteraard is de uitbreiding van de doelgroep een evolutief proces. Het doel is om een huursubsidie toe te kennen vanaf het ogenblik dat iemand één jaar op een wachtlijst voor een sociale woning staat.;0;Meer dan 100.000 mensen wachten nu al op een sociale woning. Daarom willen we in de eerste plaats het aanbod vergroten. Dat doen we door huursubsidies te voorzien en 100.000 extra sociale woningen te bouwen.;1;Tot de realisatie van een voldoende aantal sociale woningen moet kwalitatieve private verhuur tegen betaalbare prijzen beter ondersteund worden. Wie recht heeft op een sociale woning en op een lange wachtlijst staat, moet een huursubsidie ontvangen.;1;Huursubsidies kunnen het verschil maken voor wie geen betaalbare woning vindt. Om de wooncrisis écht aan te pakken investeren we in meer sociale woningen. Zo werken we de wachtlijsten weg. We leggen maximumprijzen op voor private huurwoningen.
De Antwerpse haven moet verder kunnen uitbreiden;Antwerpse haven uitbreiden;1;Wel met aandacht voor de mobiliteit en de leefbaarheid.;0;De Antwerpse haven kan verder ontwikkelen zonder nieuwe ruimte in te nemen. We trekken nieuwe duurzame activiteiten aan op de bestaande, leegstaande terreinen.;1;Wij ondersteunen de verdere ontwikkeling van de Antwerpse haven als motor voor onze Vlaamse economie. Uiteraard doen we dat met oog voor leefbaarheid, natuur en milieu. De groei van onze haven zal duurzaam zijn.;1;De Antwerpse haven is dé economische motor van ons land. Het is van vitaal belang dat er voldoende capaciteit is om ook de grootste schepen te kunnen ontvangen. Een uitbreiding met respect voor de omwonenden en natuur moet dan ook mogelijk blijven. ;1;Investeringen in spoorinfrastructuur en binnenvaart zijn nodig zodat wegtrafiek niet toeneemt. De uitbreiding wordt niet overgelaten aan de markt, maar houdt rekening met de maatschappelijk beste optie waarbij ook de uitstoot wordt aangepakt. ;1;De haven van Antwerpen is van cruciaal belang voor de Vlaamse economie en is ook goed voor ruim 150.000 jobs. Voor de welvaart in Vlaanderen is het dan ook cruciaal dat deze haven kan blijven groeien.;1;Beter ruimtegebruik en uitbreiding van de Antwerpse haven zijn belangrijk voor de werkgelegenheid. Bij elke uitbreiding beschermen we waardevolle natuurgebieden, en overleggen we intensief met de betrokken actiegroepen.
De VRT mag bedrijven niet langer laten betalen om hun producten in programma's te tonen;VRT producten programma's;0;Het is gangbare praktijk dat bedrijven producenten betalen voor het tonen van producten in uitzendingen. VRT is in de grote meerderheid van de gevallen koper van uitzendingen en geen producent.;0;De VRT heeft nood aan een diversiteit van inkomsten, wil het als omroep niet te kwetsbaar worden. Met mate weliswaar, want het leeuwendeel van de inkomsten moet uiteraard van de overheid komen.;0;Product placement kan, binnen de grenzen van het mediadecreet. De VRT moet echter vooral de vastgelegde reclameplafonds respecteren, in plaats van ze voortdurend te overschrijden. ;0;De huidige regels voor product placement volstaan. De VRT informeert de kijker wanneer er betaald wordt om een product in een programma te doen verschijnen.;0;Onze partij is voorstander van een sterke openbare omroep die er voor iedereen is en waarin iedereen zich herkent. Om dat te garanderen pleiten we voor het behoud van de gemengde financiering.;1;De openbare omroep krijgt jaarlijks een ruime dotatie waarmee ze haar werking kan financieren. Wanneer reclame op de VRT wordt toegelaten, komt dit neer op een oneerlijke concurrentie voor private omroepen.  ;1;"""Product placement"" is niet de beste manier om programma's te financieren. Wij zorgen voor een betere publieke financiering van de openbare omroep, zodat programmamakers hun creativiteit in alle onafhankelijkheid kunnen ontplooien."
Als je een persoonlijke jobaanbieding van de VDAB weigert, moet je automatisch je uitkering verliezen;Jobaanbieding weigeren;0;Het kan niet de bedoeling zijn dat je automatische je uitkering verliest als je niet ingaat op een persoonlijke aanbieding. Het is immers niet gezegd dat de persoonlijke jobaanbieding ook een passende vacature is.;0;Eén persoonlijke aanbieding van de VDAB weigeren mag niet meteen leiden tot het verlies van de uitkering. Wanneer een werkzoekende systematisch weigert de afspraken te respecteren in het traject dat met de VDAB afgesproken is, is een schorsing te verantwoorden.   ;1;Wie een werkloosheidsuitkering krijgt, moet actief beschikbaar zijn voor de arbeidsmarkt. Wie dat weigert, dreigt (na een gesprek en een onderzoek) die uitkering te verliezen.;0;Werklozen moeten op maat worden geactiveerd naar een job. Eenmalige weigeringen van gepaste jobaanbiedingen mogen niet leiden tot het afnemen van uitkeringen. Wie herhaaldelijk en zonder gemotiveerde reden werk weigert, kan wel gesanctioneerd worden.;0;Werkonwilligen worden vandaag al geschorst. Wie geen gepaste job vindt maar wel blijft zoeken, heeft altijd recht op een uitkering. ;0;Het weigeren van een job kan vanzelfsprekend een element zijn in de beoordeling of iemand zijn uitkering kan behouden. Er kunnen echter gegronde redenen zijn waarom iemand een bepaalde job afwijst.;0;Het is vandaag al zo dat werkzoekenden een passende werkaanbieding niet zomaar kunnen weigeren. We helpen werklozen niet vooruit door nog strengere regels, wel door te investeren in volwaardige jobs en betere opleiding, stages en coaching.
De Vlaamse overheid moet praktijktesten doen om discriminatie bij het verhuren van woningen op te sporen;Praktijktesten discriminatie;1;Praktijktesten kunnen een onderdeel vormen van het non-discriminatiebeleid maar mogen niet het enige element zijn.;1;De meermaals aangetoonde discriminatie op de woningmarkt vereist een actiever optreden van de overheid. We leggen discriminatie bloot door mystery calls en praktijktesten. Dit is noodzakelijk om handhaving ernstig te nemen.;0;Wij vinden dat de sector zelf regels moet opstellen en hanteren zonder dat de overheid die oplegt. Praktijktesten kunnen als onderzoekinstrument bij strafrechtelijk onderzoek. We passen voor een algemene uitrol van praktijktesten. ;0;We geven de voorkeur aan een autoregulering door de sector. Maar we laten ook de lokale dynamiek spelen en geven steden en gemeenten het initiatiefrecht om een systeem van praktijktesten op te zetten indien de lokale nood daartoe aangevoeld wordt.;1;De structurele praktijktesten in Gent bewijzen dat discriminatie op de huurmarkt daalt wanneer verhuurders weten dat ze worden gecontroleerd.;0;Een verhuurder kiest vaak voor zekerheid en vertrouwdheid en moet de vrijheid hebben te verhuren aan wie hij zelf wil. Praktijktests komen neer op uitlokking. Sommige verhuurders zouden kunnen afhaken. Minder huurhuizen zou de prijzen omhoog jagen. ;1;Discriminatie op de huurmarkt is een groot probleem. Mensen met een migratieachtergrond, maar ook bijvoorbeeld mensen met een beperking, krijgen minder kansen. Onze partij pleit voor praktijktesten om discriminatie op te sporen en te bestraffen.
Leerkrachten die minder goed presteren, moeten makkelijker ontslagen kunnen worden;Leerkrachten ontslaan;1;Wie zijn job niet goed doet, moet daarvoor sanctie krijgen. Dat geldt voor elk beroep.;1;Van leerkrachten die niet goed functioneren worden leerlingen en collega-leerkrachten niet beter. De evaluatieprocedure en het ruimere HR-beleid willen we moderniseren. Resultaten van evaluaties worden vandaag in een heel beperkt aantal scholen gebruikt.;1;De evaluatieprocedures van leerkrachten en directies worden doorgelicht. Personeelsleden die ambitieus onderwijs ondanks begeleiding niet waar kunnen maken, worden geheroriënteerd naar een andere job.;1;Een goede leerkracht is de beste garantie op goed onderwijs. Daarom willen we goede leerkrachten beter belonen en is het niet nodig om mensen die niet geschikt zijn voor het onderwijs in het systeem te houden.;1;Leerkrachten die slecht presteren moeten ontslagen kunnen worden. Maar we moeten er vooral voor zorgen dat het niet zover hoeft te komen via een goed personeelsbeleid.   ;1;Zonder goede prestatie geen verloning. Dat geldt overal en moet ook van toepassing zijn in het onderwijs. Onze kinderen verdienen leerkrachten die zich inzetten. ;0;Leerkrachten kunnen vandaag al ontslagen worden na twee opeenvolgende negatieve evaluaties, ook als ze vastbenoemd zijn. Leerkrachten hebben recht op een eerlijke procedure en moeten de kans krijgen om zich te herpakken.
De kavels waarop woningen kunnen worden gebouwd, moeten kleiner worden;Kleinere kavels;1;We moeten gaan naar kleinere private kavels en meer publiek gemeenschappelijk groen.;1;In de feiten worden woonkavels jaar na jaar al kleiner. Het is vooral belangrijk dat er voldoende passende woningen gerealiseerd worden in de toekomst zonder dat daarbij waardevolle open ruimte verdwijnt.;1;Om onze open ruimte te vrijwaren, moeten we onze bebouwde ruimte efficiënter inrichten, wat in sommige gevallen betekent dat we meer woningen op dezelfde oppervlakte moeten bouwen zonder in te boeten op woon- en leefkwaliteit.;0;Bouwgronden worden alsmaar kleiner. Daar is geen verplichting voor nodig, die evolutie komt spontaan. Grotere stukken kunnen worden gebruikt voor multifunctionele gebouwen of cohousing-projecten.;1;We bouwen compacter en efficiënter, zetten gedurfd in op hoogbouw, alternatieve bouwdichtheden en gemeenschappelijk ruimtegebruik om zo maximaal open ruimte en groen te creëren. ;0;Mensen moeten zelf kunnen kiezen hoe ze willen wonen. Dat houdt in dat zij er ook voor moeten kunnen kiezen kleiner te wonen, op een kleinere kavel. De overheid moet dat faciliteren door toe te laten dat kavels worden opgedeeld, maar niet opleggen.;1;Door kleinere kavels te voorzien gaan we slimmer om met de schaarse vrije ruimte, en beschermen we groengebied.
Vlaanderen moet minder geld besteden aan ontwikkelingshulp;Minder ontwikkelingshulp;0;De Vlaamse Ontwikkelingssamenwerking is vandaag beperkt tot 3 landen in zuidelijk Afrika, maar is zeer zinvol.;0;Ontwikkelingshulp is een federale bevoegdheid. Dan neemt niet weg dat Vlaanderen bijkomend aan ontwikkelingssamenwerking kan doen en doet. Belangrijk is dat Vlaanderen ook haar internationale opdracht voor klimaatfinanciering nakomt.;0;Wel moeten er duidelijke voorwaarden gekoppeld worden aan het verkrijgen van ontwikkelingssamenwerking. ;0;We doen heel wat inspanningen voor internationale ontwikkeling. We moeten vooral ervoor zorgen dat onze middelen efficiënt en effectief worden ingezet voor meer impact. Het huidige budget moet niet dalen.;0;We besteden vandaag slechts 0,45 % van het bbp aan ontwikkelingshulp terwijl we ons land zich geëngageerd heeft tot méér.  ;1;De gelden voor ontwikkelingssamenwerking moeten in eerste instantie worden geïnvesteerd in de herkomstlanden van de immigratie en afhankelijk gemaakt worden van de bereidheid van die landen om door ons uitgewezen vreemdelingen opnieuw op te nemen.;0;Armoede en ongelijkheid zorgen voor honger, ziekte en oorlog. Veel mensen ontvluchten hun moeilijke leefomstandigheden. Wij pleiten voor eerlijke handel, internationale solidariteit en meer ontwikkelingssamenwerking.
Ook in het middelbaar onderwijs moet er een maximumfactuur voor de ouders komen;Maximumfactuur middelbaar onderwijs;0;Een maximumfactuur in het middelbaar is moeilijk in te voeren omdat er grote verschillen zijn tussen richtingen op vlak van benodigd materiaal. We zetten wel in op kostenbeheersing binnen scholen.;1;Schoolkosten stijgen exponentieel naarmate je zoon of dochter ouder wordt. De maximumfactuur zet scholen aan tot een kostenbesparend beleid. We willen voor verschillende groepen studierichtingen een apart bedrag als maximumfactuur voorop stellen.;0;Scholen zijn te divers om in één regeling te vatten. We vragen scholen om zelf actief aan kostenbeheersing te doen, aan het begin van het jaar een kostenraming mee te geven en in dialoog te treden met ouders met betalingsmoeilijkheden. ;0;Kosten moeten transparant zijn zodat iedereen op voorhand weet wat hem of haar te wachten staat. Maar we willen niet dat scholen beperkt worden om activiteiten te organiseren.;1;Een schoolfactuur mag nooit een financiële of mentale last vormen voor de ouder(s).;1;De veelheid van studierichtingen in het secundair onderwijs maakt een maximumfactuur moeilijker realiseerbaar. Toch moet ook daar een naar studierichting gediversifieerde maximumfactuur komen om de kostprijs voor ouders en leerlingen te beperken.;1;De schoolkosten swingen de pan uit. Gezinnen die het niet breed hebben vermijden dure studierichtingen. Om onderwijs voor iedereen betaalbaar te houden, voeren we een maximumfactuur in voor het middelbaar onderwijs, als stap naar gratis onderwijs.
Buslijnen met weinig passagiers moeten afgeschaft worden;Buslijnen afschaffen;0;Ook landelijke gebieden recht op openbaar vervoer. Voor sommige verbindingen kan de taxi wel een efficiënter alternatief zijn.;0;Volgens onze partij is een afbouw van de dienstverlening asociaal en een slechte zaak voor de reizigers en het leefmilieu. Iedereen moet kunnen vertrouwen op het openbaar vervoer voor zijn verplaatsingen.;1;Het aanbod van het openbaar vervoer moet de vraag volgen. We laten de bussen rijden waar de meeste reizigers zijn. Lokale besturen krijgen mee inspraak in welke buslijnen er bijkomen, welke kunnen verdwijnen en welke alternatieven worden voorzien.;0;We schaffen geen buslijnen af zonder degelijk alternatief.;0;We zorgen dat iedereen toegang heeft tot het openbaar vervoer. In de dunst bevolkte gebieden voorzien we belbussen.;0;Wij pleiten voor een toegankelijk busvervoer. Dat wil ook zeggen dat routes, stopplaatsen en de frequentie van verbindingen moeten kunnen worden aangepast indien daaraan aantoonbaar nood is, maar niet dat lijnen resoluut worden opgeheven.;0;Het openbaar vervoer maak je niet aantrekkelijker door buslijnen af te schaffen. We moeten net méér investeren in beter en betaalbaar openbaar vervoer, met betere verbindingen en meer comfort.
Er mag geen statiegeld ingevoerd worden op drankblikjes;Statiegeld drankblikjes;0;Onze partij wil statiegeld op blikjes en plastic flessen. Dit is voor ons een prioriteit in de strijd tegen afval.;0;Statiegeld invoeren kan in één klap 40% van het zwerfvuil reduceren. Bovendien zorgt zo’n terugbrengsysteem ervoor dat we selectiever inzamelen, wat mogelijkheden biedt voor hergebruik en hoogwaardige recyclage. ;1;De negatieve effecten van een dergelijk statiegeldsysteem wegen zwaarder door dan de potentiële winsten die zouden kunnen worden geboekt t.a.v. zwerfvuil. Met name de administratieve en logistieke last die zal leiden tot hogere prijzen.;1;Zwerfvuil is een ergerlijk en schadelijk probleem dat streng moet worden aangepakt. Maar voor we als beste sorteerders ter wereld de blauwe PMD-zak vervangen door een systeem van statiegeld moeten we zeker weten dat een nieuw systeem beter is.;0;Een doorgedreven inzameling, hergebruik en recyclage van plastic gaat de vervuiling door zwerfvuil tegen, onder meer via statiegeld en een verbod op wegwerpplastic.;0;De maatregel mag echter niet vervallen tot louter het invoeren van een nieuwe financiële last voor de consument. De consument moet voor deze inspanning, die bijdraagt aan een schoon milieu, beloond worden met de vermindering van een andere heffing.;0;"Statiegeld wérkt, dat bewijzen buitenlandse voorbeelden. Drankblikjes slingeren niet rond, maar worden gerecycleerd. Dat is beter voor het milieu, zonder meerkost voor de consument. 
Verenigingen moeten subsidies krijgen voor een langere periode zodat ze zich daar niet elk jaar voor hoeven te verantwoorden;Subsidies verenigingen;1;Subsidies gebeuren vandaag al vaak voor meerdere jaren. Uiteraard is het wel belangrijk dat de vereniging via haar jaarverslag verantwoordt dat de middelen ook gebruikt zijn waarvoor ze toegekend werden.;1;Structurele financiering is belangrijk om verenigingen onafhankelijk te laten werken en om een kwaliteitsvol personeelsbeleid te voeren.;0;We moeten voorzichtig omspringen met het geld van de belastingbetaler. Het is normaal dat verenigingen die belastinggeld ontvangen, jaarlijkse verantwoorden wat ze met dat geld doen.;1;Financiële zekerheid voor een langere periode geeft organisaties meer perspectief en minder planlast. Het is de bedoeling dat organisaties zich toeleggen op hun core-business en niet bezig moeten zijn met administratie en vragen omtrent financiering.;1;Onze partij pleit voor minder planlast en administratie, zodat organisaties en kunstenaars meer kunnen inzetten op hun hoofdactiviteiten.;0;Overheidsmiddelen vrijgemaakt voor verenigingswerking, moeten efficiënt en gericht worden ingezet. Een permanente evaluatie is op z’n plaats. Een jaarlijkse verantwoording geeft ook de verenigingen de kans hun subsidievraag doelgericht bij te sturen.;1;Tijdelijke, jaarlijkse subsidies zorgen voor veel onzekerheid. In plaats daarvan willen wij langetermijnondersteuning voor verenigingen en een volwaardig sociaal statuut voor cultuurwerkers. Dat geeft zekerheid en stabiliteit.
Vlaamse technologie die in wapens gebruikt kan worden, mag niet meer naar conflictgebieden worden uitgevoerd;Technologie voor wapens;1;Vlaanderen beschikt over strikte regelgeving voor de controle op de uitvoer van strategische goederen (wapens en dual use). In overeenstemming met de internationale regels wordt geen vergunning afgeleverd voor landen die in conflicten betrokken zijn.;1;Wij steunden het Vlaams wapenhandeldecreet. Onze partij vroeg ook strengere garanties opdat er gaan technologie uitgevoerd wordt die ook kan ingezet worden in wapensystemen (de zogenaamde 'dual use') naar conflictgebieden. ;1;We voeren een strikt vergunningsbeleid en houden ons aan internationale verdragen en embargos. Zo voorkomen we dat wapensystemen in gebruik genomen worden door landen die niet stroken met onze ethische en humanitaire waarden en normen.  ;1;Vlaanderen trekt hierin een duidelijke lijn.;1;Wij willen geen wapens naar ‘onrechtsstaten’ zoals Saoedi-Arabië. Een strikt beoordelingsproces en strikt toezicht op het eindgebruik moet voor ons via een nieuwe ‘democratie-clausule’ in het decreet Wapenhandel.;0;Vlaamse bedrijven zijn veelal toeleveranciers. Het is dan ook bijzonder moeilijk voor Vlaamse bedrijven om te voldoen aan nog strengere regels. Dit zou hun concurrentiekracht zwaar aantasten. ;1;We leggen de militaire export aan banden. Vandaag voedt ons land conflicten door de verkoop van wapens en militaire technologie. We schakelen de productie om naar niet-militaire toepassingen, met behoud van alle tewerkstelling en focus op innovatie.
Boerkini's moeten toegelaten worden in openbare zwembaden;Boerkini's zwembaden;0;Boerkini's kunnen  worden verboden als daarvoor een gegronde argumentatie wordt gegeven. ;1;Veiligheid en hygiëne zijn prioritair. De badkledij die daar aan voldoen worden toegelaten. Bovendien is zelfbeschikking een belangrijk uitgangspunt en is het de vrouw die beslist over wat ze dragen wil.;0;Onze partij beschouwt de boerkini als een symbool voor de onderdrukking van de vrouw en deze heeft dan ook geen plaats in de publiek ruimte.;0;Initiatieven die aansturen op gescheiden zwemmen of die afwijken van de algemene kledingvoorschriften omwille van religieuze redenen zijn niet wenselijk. ;0;Een algemene onvoorwaardelijke toelating is niet aangewezen. Voor alle kledingsregels in zwembaden gelden voorwaarden. ;0;Het toelaten van de boerkini is een overwinning voor de extremistische islam die haar wetten en preutsheid aan ons wil opdringen. De gevolgen zullen nefast zijn voor meisjes die niet willen zwemmen in de dwangbuis van de radicale islam.;1;"Zwemkledij moet beantwoorden aan strikte voorwaarden op vlak van hygiëne en veiligheid. Onderzoek wijst echter uit dat de burkini niet minder hygiënisch of minder veilig is dan andere zwemkledij. Er is dus geen reden voor een verbod. 
Scholen moeten zelf kunnen beslissen of ze kinderen die veel extra zorg behoeven, toelaten of niet;Scholen zelf beslissen extra zorg;1;Ja, maar steeds in overleg met de ouders en het CLB. Als de benodigde aanpassingen onredelijk zijn kan de school nu al weigeren.;0;Dit zou leiden tot een onaanvaardbare rechtsonzekerheid voor ouders en kinderen op het moment van inschrijving.  Scholen moeten ondersteund worden om basiszorg en verhoogde zorg aan te bieden en om de nodige redelijke aanpassingen te doen.;1;We sturen het M-decreet bij zodat alle leerlingen maximale leerkansen krijgen. In het gewoon onderwijs als dat kan, al dan niet met extra zorg, maar ook in het buitengewoon onderwijs voor wie het nodig is.;1;Kinderen met extra zorgnoden kunnen niet systematisch geweigerd worden. Maar we moeten meer rekening  met de draagkracht van scholen en meer inzetten op aangepaste ondersteuning voor kinderen met zorgnoden.;1;De finale beslissing tot toelating ligt bij de school. We zorgen wel voor de hoognodige versterking van de zorgondersteuning op school zodat men beter kan omgaan met de vragen van ouders en leerlingen.;1;Ieder kind heeft het recht op kwaliteitsvol onderwijs. De overdracht van kennis en vaardigheid moet de kern van het onderwijs zijn. Daarom moet de school op basis van de competentie van het lerarenkorps oordelen of ze deze leerlingen kan begeleiden. ;0;Elke school moet zijn verantwoordelijkheid nemen. We willen geen elitescholen waar kinderen die extra zorg nodig hebben niet welkom zijn. We zorgen wel voor bijkomende financiële middelen, zodat kinderen ook echt de zorg krijgen die ze verdienen.
De belasting op een tweede woning moet verder verhoogd worden;Belasting tweede woning;0;Tweede woningen zijn meestal huurwoningen en dus ook voor iemand een gezinswoning. De kans is dus groot dat de huurders dit zullen betalen. Puur tweede verblijven zijn een ander verhaal.;1;Tweede woningen worden nu fiscaal op dezelfde manier behandeld als de eerste, eigen woning. Dat is niet logisch. De sterkste schouders moeten de grootste lasten dragen. ;0;Iedereen die een tweede woning heeft betaalt er al onroerende voorheffing op, personenbelasting en lokale belastingen. Hogere belastingen kunnen de private huurmarkt afremmen.;0;Een tweede woning is vaak een vorm van (pensioen)sparen. Geld dat daarin geïnvesteerd wordt, is al meer dan één keer belast.;1;Huurinkomsten  uit opbrengsteigendommen willen we behandelen zoals elk ander inkomen. Een euro is een euro, hoe die ook wordt verdiend. Tegelijk verhogen we het belastingvrij inkomen tot minstens 1000 euro per maand.;0;In dit land met een zeer hoge fiscale en parafiscale druk is het ondenkbaar om nog nieuwe lasten in te voeren, zonder dat andere belastingen verlaagd worden. De totale (para-)fiscale druk mag onder geen geval toenemen en moet op termijn dalen.;0;We voeren progressieve tarieven in voor de onroerende voorheffing, waarbij we rekening houden met het inkomen en de waarde van het vastgoed. Op die manier betalen de rijkste eigenaars méér, maar kleine eigenaars minder.
Je moet worden belast op het gebruik van je auto, niet omdat je er één bezit;Gebruik auto belasten;1;Wij zijn voorstander van een slimme kilometerheffing, waarbij je betaalt voor gebruik van de wagen, niet voor het bezit. Wel enkel op voorwaarde dat mensen een volwaardig alternatief voor de auto hebben.;1;Vandaag betaal je een vast bedrag aan belastingen of je veel of weinig rijdt. Deze belastingen vervangen door een kilometerheffing is de beste manier om het gebruik te beperken, alternatieven aantrekkelijk te maken en de files te bestrijden.;1;We willen de huidige verkeersbelastingen hervormen naar belastingen op basis van gebruik. Zo laten we ook de buitenlanders mee betalen. Dit mag niet leiden tot een belastingverhoging voor de Vlamingen.;1;Om combimobiliteit (bv. auto + trein) te stimuleren moet het bezit van een auto minder belast worden, maar wel het gebruik. Hierdoor wordt het interessanter om verschillende vervoersmodi te combineren. ;1;Onze partij is het eens met het principe dat je vooral het gebruik van de auto belast.;0;De belasting op het gebruik van een auto bestaat al, onder de vorm van torenhoge accijnzen op brandstof.;0;Rekeningrijden is asociaal. Veel werknemers hebben een auto nodig om naar het werk te gaan, omdat alternatieven ontbreken. In plaats van mensen op kosten te jagen kunnen we beter inzetten op beter en gratis openbaar vervoer.
Gemeentebesturen moeten minder mogelijkheden krijgen om de plaatsing van windmolens in hun gemeente tegen te houden;Tegenhouden plaatsing windmolens;0;Het is belangrijk dat gemeentebesturen via de procedure van het openbaar onderzoek rekening kunnen houden met de bezwaren van burgers. Na een weigering van de gemeente is er steeds beroep mogelijk bij de hogere overheid.;1;Lokale besturen die de transitie naar hernieuwbare energie systematisch boycotten moeten overruled kunnen worden. Draagvlak is de sleutel voor goede projecten. In de energietransitie moeten we iedereen aan boord krijgen: burgers maar ook gemeentebesturen.;0;Lokaal draagvlak en de betrokkenheid van de gemeente is belangrijk voor het succes van windmolenprojecten. Tijdige betrokkenheid en het goed infomeren van de bevolking is een must. Eventueel kan Vlaanderen prioritaire zones aanduiden.;1;Vandaag wordt er bijna tegen elke geplande windmolen beroep aangetekend, ook door gemeentebesturen zelf. Nochtans is dit cruciaal om de ambities rond hernieuwbare energie te halen. Daarom willen we kijken hoe we de plaatsing van windmolens makkelijker kunnen maken.;0;We werken een plan uit voor windenergie-zones. Voor de vergunning worden - in overleg met de omwonenden - de nodige maatschappelijke afwegingen gemaakt met het oog op een maximaal draagvlak en zo worden juridische procedures maximaal vermeden.;0;Lokale besturen moeten de argumenten van actiecomités die zich tegen de inplantingen van windturbines in gebieden van open ruimte verzetten, ernstig nemen en principieel negatief adviseren. Een volksraadpleging moet dat advies bindend kunnen maken.;1;Investeren in groene stroom is belangrijk, op voorwaarde dat buurtbewoners inspraak krijgen. We kiezen voor windenergie in handen van burgercoöperaties en publieke energiebedrijven, waarbij de opbrengsten terugvloeien naar de gemeenschap. 
Vlaamse overheidsdiensten moeten een minimumaantal personen met een migratieachtergrond in dienst hebben;Minimumaantal migratieachtergrond in dienst;1;De tewerkstelling bij een overheid moet een afspiegeling zijn van de samenleving.;1;Overheden en sectoren formuleren streefcijfers voor kansengroepen die het zwaarst zijn ondervertegenwoordigd op de arbeidsmarkt. Ze ondernemen acties om deze streefcijfers te behalen en delen de resultaten ervan. ;0;De overheid heeft een voorbeeldfunctie en werkt verder met streefcijfers. De stelregel moet zijn: ‘de beste vrouw/man op de beste plaats’. Zo ontwikkelt ze goede praktijkvoorbeelden die als inspiratie kunnen dienen. ;0;Bijkomende inspanningen om ook mensen met een migratieachtergrond in dienst te nemen zijn dus nodig. Maar om het quota-instrument te gebruiken is het criterium migratieachtergrond niet duidelijk genoeg.;1;Overheidspersoneel moet in haar samenstelling een afspiegeling zijn van de samenstelling van de beroepsbevolking. Aan de hand van positieve acties moeten opgelegde streefcijfers worden behaald.;0;De overheid moet mensen louter op basis van hun capaciteiten en ervaring aanwerven. Positieve discriminatie en andere voorkeursbehandelingen moeten stoppen. Enkel voor gehandicapten willen we het competitief nadeel compenseren met aanwervingsquota.;1;Het aantal mensen met een migratie-achtergrond dat aan de slag is bij de overheid is vandaag nog altijd veel kleiner dan hun aandeel in de samenleving, zeker voor hogere functies. Om die ongelijkheid weg te werken is positieve actie nodig.
Leerlingen van het gemeenschapsonderwijs moeten kunnen kiezen of ze een vak over één bepaalde godsdienst of een vak over alle wereldgodsdiensten volgen;Vak over wereldgodsdiensten;0;We bieden de keuze aan tussen ofwel één van de erkende levensbeschouwingen ofwel geen. Het is zo dat veel scholen ook in het vak godsdienst aandacht hebben voor andere levensbeschouwingen en de verbindingen daartussen.;1;De huidige regeling is achterhaald. Onze partij wil een algemeen vak levensbeschouwing, filosofie en burgerschap introduceren. Leerlingen volgen dat vak samen in plaats van de aparte levensbeschouwelijke vakken van nu.;1;Dit is een keuze van de scholen zelf, maar wij zijn er voorstander van dat leerlingen maximaal kunnen kiezen of ze een vak over één bepaalde erkende levensbeschouwing of een vak over alle levensbeschouwingen volgen.;1;Deze keuze is een eerste stap. Wij pleiten er voor om van godsdienst een keuzevak te maken.;0;We vervangen in alle scholen de gescheiden lessen levensbeschouwing door gezamenlijke lessen burgerschap waarin alle levensbeschouwingen aan bod komen. Gescheiden lessen godsdienst kunnen daarnaast binnen de schoolmuren, maar buiten de schooluren.;0;Er dient geen godsdienst onderwezen te worden in het gemeenschapsonderwijs.;1;Ook zedenleer moet tot de opties behoren. Onze maatschappij kent een grote diversiteit aan geloofsovertuigingen en levensbeschouwingen. Het aanbieden van een overkoepelend overzicht helpt leerlingen om die diversiteit te kaderen.
In plaats van zelf sociale woningen te bouwen, moet de overheid mensen helpen om op de privémarkt te huren;Sociale woningen privémarkt;0;Onze partij vindt dat verschillende initiatieven nodig en nuttig zijn.;0;Om het recht op wonen te versterken, is het nodig dat de overheid sociale woningen bouwt én ondersteuning biedt op de private huurmarkt.;0;Het ene sluit het andere niet uit, we hebben beide nodig. Wij gaan door met de bouw van sociale woningen, maar ook de private huurmarkt kan een grotere rol spelen in de sociale huisvesting.;1;Gelet op de grote noden moeten de middelen zo efficiënt mogelijk ingezet worden. Het toekennen van meer huursubsidies zal een grotere groep mensen kunnen bereiken, dan wanneer de overheid alle woningen zelf probeert te bouwen.;0;De overheid moet het allebei doen: meer sociale woningen bouwen én wie op een wachtlijst staat helpen om te huren op de privé-markt.;0;Naast een beleid dat eigendomsverwerving stimuleert en de private huursector ondersteunt, moet er ook een sociale huisvesting zijn die aan een inkomengerelateerde prijs een kwalitatieve woonst ter beschikking kan stellen.;0;We voeren maximumprijzen voor private huurwoningen, en investeren tegelijk in de bouw en renovatie van energiezuinige sociale woningen. We streven naar 20 % sociale verhuur in elke centrumstad. Voor kleine gemeentes legen we de lat op 10 %.
Wie zijn oude kachel vervangt door een minder vervuilende kachel moet een premie krijgen;Oude kachel vervangen;1;Een premie is het beste instrument om de meest vervuilende kachels er zo snel mogelijk uit te krijgen. Dat heeft het grootste milieu-effect.;1;De meest vervuilende kachels halen we er zo snel mogelijk uit. Maar ook nieuwe kachels stoten nog erg veel fijn stof uit. Daarom zetten we premies best in voor 100% duurzame alternatieven: warmtepompen en aansluiting op warmtenetten.;1;Een kachel van 20 jaar oud voldoet niet aan dezelfde kwaliteitsnormen als de kachels van vandaag. De burger moet hier ook bewust van gemaakt worden.;0;Een milieuvriendelijkere kachel is uiteraard te verkiezen bovenop een oudere kachel die meer fijn stof uitstoot. Wij willen echter geen vervuilende technologieën subsidiëren.;0;Onze partij voorziet een grootschalig renovatieprogramma waarbij de energievoorziening van ons gehele woningenbestand vergroend wordt tegen 2035. Daarin is geen nood voor premies. De netbeheerder financiert de investering voor.;1;Onze partij steunt het gericht inzetten van premies om onze luchtkwaliteit te verbeteren. Het vervangen van oude kachels door ecologischer exemplaren moet worden aangemoedigd.    ;1;Oude kachels zijn bijzonder vervuilend. Daarom willen we investeren in energiezuinige hoogrendementsketels en duurzame warmtenetten. We garanderen hogere premies voor lagere inkomens en maken groene warmte betaalbaar voor iedereen.
Over de besteding van een deel van de Vlaamse begroting moeten de burgers rechtstreeks zelf kunnen beslissen;Begroting burgers beslissen;0;In een democratie is het de regering die een begrotingsvoorstel indient in het Vlaams Parlement.;1;Onze partij wil participatie van burgers actief bevorderen, ook buiten verkiezingsperiodes. Dat kan onder andere door vormen van burgerbudgetten, zoals die bijvoorbeeld ook al in het district Antwerpen en in de stad Gent bestaan.;0;Wij zijn voor een modern beleid waarbij burgers deels mee kunnen beslissen. Maar de begroting is het primaat van de politiek.;1;We geven burgers de mogelijkheid om zelf te beslissen over een deel van het budget. Burgerparticipatie zorgt voor betrokkenheid, verhoogt het draagvlak voor beslissingen en brengt politiek en burger dichter bij elkaar.;1;Onze partij gelooft in burgerparticipatie als belangrijke vorm van democratische inspraak en controle tussen twee verkiezingen in.;0;De burgers kunnen daar in eerste instantie over beslissen door hun stem te geven aan partijen en hun programma’s. Daarnaast wil onze partij dat zij met een bindende volksraadpleging rechtstreeks invloed kunnen uitoefenen op het beleid.;1;Democratie is niet louter een bolletje kleuren. Wij pleiten voor een meer directe inspraak van onderuit. Ook over wetten moeten burgers kunnen beslissen. We zijn dan ook voorstander van een bindend burgerreferendum.
De minimumruimte voor dieren in de veeteelt moet vergroot worden;Minimumruimte veeteelt;0;In Europa zijn de bestaande normen voor minimale ruimte al streng. Er wordt ook toegezien op de naleving. ;1;Alle dieren hebben recht op genoeg bewegingsruimte. We verstrengen de dierenhuisvestingsnormen, beperken van het dierenaantal per stal en garanderen het vrije uitlooprecht. Op termijn herstellen we de natuurlijke levensvoorwaarden voor alle dieren. ;1;Dieren moeten menselijk behandeld worden en vermijdbaar dierenleed moet ook echt vermeden worden. De minimumruimte moet wel bekeken worden per diersoort.;1;Maatregelen die het dierenwelzijn verhogen moeten in overleg met de sector en mits de nodige investeringssteun vanuit het Vlaams Landbouwinvesteringsfonds worden aangemoedigd zodat Vlaanderen hierin een voortrekkersrol kan spelen.;1;We bouwen industriële vleesproductie af en kiezen resoluut voor de korteketendistributie met milieu- en diervriendelijke kwekerijen. ;1;Een goede zorg voor dieren in de veeteelt houdt in dat er letterlijk ruimte moet zijn voor hun natuurlijke gedrag. De stallen moeten die ruimte zo veel als mogelijk bieden.;1;De commerciële vleesindustrie is de grootste bron van dierenleed. Landbouwdieren moeten toegang hebben tot zonlicht, buitenlucht en zoveel mogelijk soorteigen gedrag kunnen vertonen. Daarvoor is meer ruimte nodig.
Middelbare scholen moeten een vak (bijv. aardrijkskunde in het Engels) enkel in een vreemde taal kunnen aanbieden;Vak in vreemde taal;0;Scholen kunnen ervoor kiezen om een of meerdere vakken in een andere taal te onderwijzen, maar het blijft belangrijk dat dit aanbod er ook in het Nederlands is.;1;Onderwijs in een andere taal is een goede methode om de taalvaardigheid te bevorderen, het biedt voordelen tijdens latere studies en meertaligheid is een pluspunt op de arbeidsmarkt. We willen meer leerkrachten een aangepaste opleiding geven.;0;Onze partij ziet enkel brood in een gerichte en beperkte invoering van onderwijs in een andere taal in het secundair onderwijs voor de sterkere studenten die het Nederlands goed beheersen.;1;Meertaligheid is een troef. Er zijn vandaag al scholen waar extra uren in een andere taal worden gegeven, voor ons mag dat nog verder gaan. Zo werk je op hetzelfde moment aan inhoud en aan praktische talenkennis.;1;Door vakken in een vreemde taal aan te bieden versterken we de meertaligheid van onze leerlingen. ;0;Leerlingen moeten het recht behouden eender welk vak dat geen taalvak is, in het Nederlands te volgen. We mogen de verworvenheden van onze taalstrijd niet terugschroeven. ;1;Immersie-onderwijs, waarbij een vak in een andere taal gegeven wordt, kan het leren van nieuwe talen bevorderen. Meertaligheid is een sterke troef in onze samenleving.
Wie in de stad woont, moet lagere belastingen betalen;Belasting in de stad wonen;0;In elke gemeente komt het aan het bestuur toe een niveau van belastingen te vragen dat in overeenstemming is met de dienstverlening die men de burger aanbiedt.;1;De reële maatschappelijke kostprijs (voor riolering, mobiliteit, voorzieningen, energie, …) voor verspreid wonen ligt hoog.  En toch benadeelt de woonfiscaliteit vandaag het wonen in de stad. Deze situatie omkeren is niet meer dan logisch.;0;Voor sommige belastingen kan de locatie eventueel meespelen in de keuze van het belastingtarief, maar dat zal eerder uitzonderlijk zijn.;0;We maken wonen in de stadskern aantrekkelijk. Vandaag zijn centra vaak niet betaalbaar voor jonge gezinnen of alleenstaanden. Maar je moet gericht kunnen werken in de stad en daarbuiten. Steden recht tegenover landelijke gemeenten plaatsen is niet de juiste aanpak.;0;We maken verhuizen naar de stad goedkoper, en wonen, werken en leven in de stad aantrekkelijker. Belastingen heffen we zoveel mogelijk naar draagkracht.;0;De overheid moet investeringen (renovaties, vestiging van bedrijven) wel fiscaal aanmoedigen in stadswijken die te kampen hebben met sociale achterstelling, leefbaarheidsproblemen of verkrotting. ;0;Wij pleiten voor eerlijke belastingen, gebaseerd op inkomen en vermogen, niet op de woonplaats. Daarbij dragen de sterkste schouders de zwaarste lasten: minder belastingen voor de middenklasse, meer voor miljonairs en multinationals.
Als er elders bos bij komt, mogen er bossen verdwijnen voor bedrijfsterreinen;Bossen en bedrijfsterreinen;0;We streven naar een aangroei van de oppevlakte bossen. De gewestplanbestemming moet gerespecteerd worden. Een toename van bossen, moet dus niet gecompenseerd worden door extra bedrijfsterreinen in bosgebied. ;0;Vlaanderen is een bosarme regio. Bestaande bossen moeten we koesteren. Nieuwe bossen hebben niet dezelfde ecologische waarde als bestaande bossen. Er is nog voldoende ruimte voor nieuwe bedrijventerreinen.;0;Wij moeten een inhaalbeweging maken wat betreft het creëren van bijkomende bossen. Het maximaal behoud van de bestaande waardevolle bosoppervlakte is dan ook een uitgangspunt, waar slechts in zeer uitzonderlijke gevallen van kan worden afgeweken.;0;Waardevolle bossen zijn de moeite om te houden, in andere gevallen kan er wel bedrijfsterrein bijkomen als er elders gecompenseerd wordt.;0;Onze partij wil een kap-stop van bossen invoeren en extra bos aanleggen. ;1;Onze partij staat er ook voor dat de steden en gemeenten een vast percentage van hun inkomsten uit industriële activiteiten besteden aan het aanleggen en onderhouden van functionele groene ruimte op hun grondgebied.;0;Er is veel te weinig bos in Vlaanderen. Wij willen de bestaande bosgebieden daarom maximaal beschermen, en bijkomende, nieuwe bossen aanplanten.
De luchthaven van Deurne en die van Oostende moeten subsidies blijven krijgen;Luchthavens Deurne en Oostende;1;De investeringssubsidies die vandaag binnen de Europese regels toegestaan zijn, kunnen blijven. We moeten ook wel inzetten op aantrekkelijker maken van treinverbindingen (bv. Antwerpen-Zaventem).;0;Vlaanderen besteedt 35 miljoen euro aan de regionale luchthavens in 2019. Oostende legt goede cijfers voor, maar Deurne niet. Luchtverkeer is slecht voor het klimaat en het milieu. De overheid moet luchthavens dus niet kunstmatig in leven houden.;1;Regionale luchthavens kunnen een belangrijke rol blijven spelen. In de nieuwe structuur richt een privéspeler zich op de uitbating en is de overheid verantwoordelijk voor de basisinfrastructuur.;0;We zijn niet tegen het bestaan van deze luchthavens op zich, maar de exploitatie van luchthavens moet commercieel rendabel zijn. ;0;De exploitatie van deze regionale luchthavens werd uitbesteed aan de private sector, maar de Vlaamse overheid draait op voor de kosten, dat is niet logisch. We bouwen die subsidies dan ook af.;1;Vlaanderen heeft de ambitie het logistieke hart van Europa te zijn. We moeten de regionale luchthavens daarom kansen geven om te groeien. Indien hiervoor subsidies nodig zijn, moeten deze mogelijk zijn.;0;Ons land heeft genoeg aan één internationale luchthaven die goed ontsloten wordt door het openbaar vervoer. Elk jaar vloeien tientallen miljoenen euro’s naar de zakenluchthaven van Deurne, ondanks de grote impact op de leefbaarheid van woonwijken in de buurt.
Alleen theaters die met hun programmatie op een groot publiek mikken, mogen subsidies krijgen;Subsidies theaters groot publiek;0;Subsidiebeleid moet een brede waaier aan aanbieders en stijlen bereiken alsook oog hebben voor kwaliteit.;0;Het theater moet een grote diversiteit aan genres herbergen, van populair tot avant-garde, van traditioneel tot vernieuwend. Subsidies worden toegekend op basis van de kwaliteit van het werk, de relevantie ervan voor het theater, de spreiding e.d.;0;Er zijn verschillende factoren die kunnen meespelen voor ondersteuning, zoals publiek, maar ook de maatschappelijke meerwaarde en andere zaken. ;0;Subsidies moeten gebruikt worden om innovatie en experiment kansen te bieden en te laten groeien in de marge. Wij willen de waarde van kunst niet herleiden tot de populariteit ervan. Kunst die een breed publiek trekt kan echter zelfbedruipend zijn.;0;De brede cultuursector moet meer ondersteuning en financiering krijgen. Van amateurkunsten tot erfgoed. Er moet een sterke structurele basis voorzien worden.;1;Overheidsgeld voor cultuur kan alleen wanneer deze gesubsidieerde cultuurinfrastructuur en cultuurvormen een vorm van maatschappelijke meerwaarde creëren.;0;"Wij willen een divers aanbod van cultuurhuizen structureel ondersteunen, niet alleen de grote theaters. We pleiten daarbij voor een zeer diverse programmatie, die alle lagen van de bevolking aanspreekt.
De overheid mag eigenaars niet verplichten om hun woning te isoleren;Verplicht woning isoleren;0;Maar de isolatiedoelstelling moet wel realistisch zijn en afgestemd worden op wat redelijkerwijze haalbaar is. ;0;Eigenaars zijn nu al verplicht om hun woning te isoleren. Dat is goed voor het klimaat en voor de energiefactuur van de bewoners. Wij willen eigenaars met premies, informatie en ondersteuning bijstaan met financiële steun om de doelen te halen.;0;Bij nieuwbouw en eigendomsoverdracht voorzien we bepaalde eisen i.v.m. energiebesparing. We leggen een inspanning op via verplichte dakisolatie en dubbel glas. Daarnaast nemen we stimulerende maatregelen zoals renovatiepremies. ;1;Aanmoedigen ja, verplichten nee. Men moet rekening houden met de financiële draagkracht van mensen. Daarom is het moment van eigendomsoverdracht een meer geschikt moment om bijkomende inspanningen te vragen.;0;In het kader van een collectief renovatieplan waarbij woningen worden gerenoveerd zonder dat de eigenaar daar de kost voor draagt, mag een verplichting niet worden uitgesloten. ;1;Het is de taak van de overheid om het beter isoleren van woningen sterk te promoten en fiscaal of via premies te belonen. Dit mag evenwel geen verplichting worden voor de burger.;0;Een goed geïsoleerde woning is goed voor het klimaat én voor je portemonnee. Voor huurwoningen zijn verplichte normen bovendien de enige garantie op resultaat. Via een derdebetalersysteem schieten we renovatiekosten voor. Zo blijft alles betaalbaar.
De betonstop moet sneller uitgevoerd worden;Betonstop;0;De aansnijding van de open ruimte moet afgeremd worden met respect voor eigendomsrechten. Het Beleidsplan Ruimte Vlaanderen moet zo snel mogelijk worden uitgevoerd en mikt op 2040.;1;De afgelopen jaren zijn er meer dan 16.000 voetbalvelden groen en open ruimte verdwenen. Vlaanderen is nu al de meest verharde en versnipperde regio van Europa. Dat kost de maatschappij en inwoners handen vol geld.;0;We voorzien dat er vanaf 2040 geen open ruimte meer wordt ingenomen zonder compensatie. Daarmee zijn we al 10 jaar ambitieuzer dan de Europese doelstelling.;0;We moeten de beschikbare ruimte slimmer gebruiken. We hebben meer groen, meer open ruimte en minder verharding nodig. We realiseren dat stap voor stap met 2040 als einddatum en met respect voor het eigendomsrecht van mensen.;1;De open en groene ruimte die er nog is in Vlaanderen, moet maximaal worden beschermd. ;0;Een betonstop zonder absolute rechtszekerheid en een afdoende compensatieregeling voor de getroffen eigenaren is voor ons onaanvaardbaar. Eerst moet een sluitende regeling hierover worden uitgewerkt die niemand benadeelt.;1;Een betonstop is nodig. We moeten slimmer omspringen met onze ruimte en de leefbaarheid van onze steden garanderen. In plaats van bouwpromotoren vrij spel te geven, beschermen we onze schaarse groene ruimte.